Country,'25 / 8,'25 / 9,'25 / 10,'25 / 11,'25 / 12,'26 / 1,'26 / 2,'26 / 3,'26 / 4,'26 / 5,'26 / 6,'26 / 7
World,-5.99794087103308,-7.9344524974196196,-18.55260512445841,-11.554580953568793,-5.190761561492874,-13.937747203587424,-13.432410851523468,-7.627710647695485,-11.947407173458224,2.7754415023632406,-2.000747954467319,-11.732906448834601
China,-45.6359241633545,-55.419089122455254,-53.37567424007936,-51.956618465599036,-55.21789781233646,-62.46429861988656,-51.306565790850776,-36.862448429266735,-36.496099600079916,18.21624099382668,-8.13706815508153,-17.614441375867774
Vietnam,8.81061745026348,2.6675712544096397,-4.8879305150892005,8.511639767631252,16.726435679944494,2.597733252539447,2.7335573584015282,2.6594315330718876,-2.0353024510155637,1.2456395257163688,-0.646760323729989,-10.712697477859445
Indonesia,11.44444284880317,-0.02027796062686882,-12.92774036941482,4.103846143853684,7.936606065640173,7.123960954194675,0.49767701531382436,-7.42108323218984,11.537245118673756,22.852869772972205,-6.635501713735903,-0.7876406887273646
Cambodia,49.17089903150262,28.469101234237804,7.530998619233276,32.2499198936651,35.123358094609245,24.733986030223054,10.208046907342228,16.392748181324656,4.329181022990469,17.66257398358093,2.182395696612649,3.267258131090034
Nicaragua,-0.012976223806093756,2.7535822504768825,-13.71816883599749,-8.00597381616267,-13.263138489556514,-11.94309032675861,-4.018736645230547,-14.293005061476194,-27.003758775209054,-23.320214620518865,-26.732001097523362,-30.151637689293654
Guatemala,-24.787432540900646,-8.930523401529467,-17.802600823915228,-8.797941969615009,1.9803858727682533,-4.670098523200661,12.138394126337149,-12.205210533407751,-7.6514060550342595,5.6731202979776185,10.328505297623746,-11.835938757266117
Bangladesh,7.522228327244784,11.6181252206625,-10.652915405041963,-15.781485992413957,3.330192685055189,-1.3826006281947856,-17.057066067979164,-8.142261232864145,-17.14436333407082,6.0371970952945775,5.66573335829168,-10.72903031981982
India,16.015810328931266,-11.613528807862927,-28.908615320961918,-26.289299469519044,-2.5931027095616233,-18.3307895405484,-29.38148944363814,-32.52188789293653,-30.514678595473455,-19.432434856655846,-18.456508313328047,-28.810533443689256
Jordan,-16.153349645980487,19.621105007712192,-35.54142175421073,2.951822191919562,11.511063180740289,3.0663937923013584,-15.32016093084092,15.565960470095352,-0.763317666959118,1.913704776029479,-18.085214293059927,-19.014947100173163
El Salvador,-7.052974517274169,4.5209512450300915,-20.12578425929732,-14.800339305352871,3.3926017979767797,-9.212746036143448,10.793963004551221,-10.244125371029089,0.11197152464959004,7.615003200995885,3.1260082833141967,-9.900762176694
Egypt,21.49930769919908,23.973661159136594,-21.306254606192287,-18.1845786996238,3.04304777652582,43.18077876030839,-0.2214133904315796,19.887725607562203,2.4062146886258073,51.65636755541119,-13.696989591290276,0.8856944727025029
Others,0.39390429721104514,5.560455637471562,-7.66688317319093,-1.2261803010821248,1.4323471874861493,-4.383728265079856,-2.9823071627894215,0.3032566257421321,-9.93951635943061,-2.4770311145135726,4.76872745596586,-9.729929033880058
